fips,name,zhvi,ppsf,median_sale,fmr_2br,acs_median_rent,acs_median_value
51001,Accomack County,246385,193.41,311750,1054,977,204300
51003,Albemarle County,561513,268.78,565000,1824,1692,495400
51510,Alexandria City,682629,467.72,715000,2246,2089,735100
51005,Alleghany County,188769,109.09,165500,914,765,125800
51007,Amelia County,334906,203.11,365000,1655,1164,282400
51009,Amherst County,266770,191.67,290000,1187,871,212400
51011,Appomattox County,294905,214.28,314000,1187,855,207600
51013,Arlington County,816055,495.89,820000,2246,2322,895000
51015,Augusta County,372170,209.57,360000,1261,1136,306100
51017,Bath County,229842,119.61,204500,977,736,206700
51019,Bedford County,355720,192.8,402950,1187,952,297400
51021,Bland County,192578,196.92,160500,914,644,152100
51023,Botetourt County,319401,188.93,377500,1254,1035,289200
51520,Bristol City,180132,148.95,210000,1044,801,184100
51025,Brunswick County,152142,213.51,316225,914,834,142700
51027,Buchanan County,77770,69.28,127075,914,743,94900
51029,Buckingham County,251549,230.74,349900,959,927,173400
51530,Buena Vista City,189828,131.38,182550,1005,1112,156200
51031,Campbell County,276073,182.46,292442,1187,891,211600
51033,Caroline County,364227,240.26,441900,1246,1293,307700
51035,Carroll County,189843,164.18,257500,914,738,156500
51036,Charles City County,281812,180.99,340502,1655,1099,241400
51037,Charlotte County,203203,164.04,187000,914,732,144100
51540,Charlottesville City,495262,319.88,524950,1824,1540,486700
51550,Chesapeake City,429571,219.47,419950,1713,1586,378400
51041,Chesterfield County,416117,216.48,430000,1655,1629,366000
51043,Clarke County,574223,230.49,550000,2246,1371,550100
51570,Colonial Heights City,284362,207.26,285000,1655,1234,246600
51580,Covington City,113508,94.13,144750,914,794,83500
51045,Craig County,241988,115.23,295000,1254,713,189000
51047,Culpeper County,496737,217.43,577904,1423,1423,409200
51049,Cumberland County,292105,190.41,327250,997,877,239300
51590,Danville City,135583,107.7,195000,914,836,119100
51051,Dickenson County,118439,102.93,225500,914,738,102700
51053,Dinwiddie County,303252,207.92,309000,1655,1224,257800
51595,Emporia City,157745,49.95,160000,1001,1037,148500
51057,Essex County,300728,235.51,299950,1113,972,238100
51600,Fairfax City,785295,339.32,810000,2246,2245,722600
51059,Fairfax County,768424,362.54,815000,2246,2276,732800
51610,Falls Church City,1173901,477.31,1200000,2246,2190,1055600
51061,Fauquier County,656541,248.7,681250,2246,1613,573700
51063,Floyd County,282424,187.41,430000,1094,878,225400
51065,Fluvanna County,378704,204.15,384450,1824,1204,314100
51620,Franklin City,237954,156.03,240000,1051,988,256600
51067,Franklin County,369641,172.08,439900,944,829,240400
51069,Frederick County,432111,214.31,415000,1573,1507,386000
51630,Fredericksburg City,474797,246.79,454900,2246,1619,483700
51640,Galax City,180798,147.96,147000,914,743,141300
51071,Giles County,211099,150.85,258500,984,789,151100
51073,Gloucester County,380109,223.85,374000,1713,1096,331000
51075,Goochland County,588477,270.75,697000,1655,1614,500600
51077,Grayson County,209319,199.58,255000,914,765,150100
51079,Greene County,385566,214.59,443675,1824,1309,343300
51081,Greensville County,169724,177.63,237500,1001,969,159400
51083,Halifax County,154518,97.23,177500,914,790,155700
51650,Hampton City,282712,193.85,300000,1713,1427,245700
51085,Hanover County,462649,236.32,475000,1655,1591,400400
51660,Harrisonburg City,332156,212.83,289500,1322,1184,299100
51087,Henrico County,403549,249.48,423150,1655,1541,359200
51089,Henry County,142970,114.21,170000,914,728,134800
51091,Highland County,289002,136.72,1512750,914,856,200000
51670,Hopewell City,219040,188.88,251500,1655,1106,181600
51093,Isle of Wight County,387233,223.36,419990,1713,1359,356500
51095,James City County,488255,230.89,515000,1713,1552,447200
51099,King George County,482512,228.44,460000,1469,1428,428300
51101,King William County,356196,243.27,337500,1655,1166,315700
51097,King and Queen County,305356,177.68,263500,1250,1004,231600
51103,Lancaster County,399595,200.19,347750,1052,1033,327000
51105,Lee County,114320,117.07,200000,914,738,98900
51678,Lexington City,357617,199.71,350000,1005,1081,275200
51107,Loudoun County,799573,296.05,795000,2246,2386,743800
51109,Louisa County,424780,245.94,446000,1247,1220,315300
51111,Lunenburg County,147101,161.33,199450,914,742,150100
51680,Lynchburg City,247599,164.1,270000,1187,1073,229800
51113,Madison County,430067,251.33,482000,1066,1166,370300
51683,Manassas City,493272,263.35,453500,2246,1850,449900
51685,Manassas Park City,463402,283.22,474950,2246,2146,395900
51690,Martinsville City,110839,100.86,157450,914,808,98400
51115,Mathews County,356782,240.48,323750,1713,1032,360900
51117,Mecklenburg County,211276,202.55,324900,950,823,192600
51119,Middlesex County,387283,263.95,424000,1291,1059,352200
51121,Montgomery County,346984,209.23,382450,1271,1240,304600
51125,Nelson County,365800,276.28,442500,1824,946,321700
51127,New Kent County,448490,231.12,463000,1655,1721,393600
51700,Newport News City,295885,194.51,315000,1713,1339,260600
51710,Norfolk City,315671,209.53,341000,1713,1321,289900
51131,Northampton County,314993,275.47,440000,949,829,316200
51133,Northumberland County,374425,267.05,511000,1309,1038,346800
51720,Norton City,125335,122.55,200000,914,692,110000
51135,Nottoway County,201009,127.69,200000,975,972,167500
51137,Orange County,387299,215.62,407500,1234,1205,364200
51139,Page County,312713,219.55,342500,924,879,233200
51141,Patrick County,188431,130.95,278000,914,716,153400
51730,Petersburg City,203315,150.51,227500,1655,1174,189000
51143,Pittsylvania County,195604,146.38,270500,914,861,161400
51735,Poquoson City,471169,221.95,510345,1713,1707,400300
51740,Portsmouth City,269515,181.12,290000,1713,1300,246900
51145,Powhatan County,503163,248.55,484975,1655,1168,416000
51147,Prince Edward County,246933,200.0,322500,1094,931,216600
51149,Prince George County,361714,216.18,341995,1655,1594,293400
51153,Prince William County,586907,251.4,599945,2246,2067,530100
51155,Pulaski County,226056,169.74,230000,921,813,191700
51750,Radford City,261016,167.62,232000,1271,1033,220700
51157,Rappahannock County,580004,341.97,880000,1375,1290,506400
51760,Richmond City,373235,272.36,426000,1655,1372,353000
51159,Richmond County,250076,194.15,325000,1157,1067,231500
51770,Roanoke City,225072,142.48,250500,1254,996,190500
51161,Roanoke County,342773,153.06,295000,1254,1224,286000
51163,Rockbridge County,342756,202.03,350000,1005,925,248800
51165,Rockingham County,364289,207.66,335000,1322,1160,313000
51167,Russell County,142829,130.94,259000,914,653,120600
51775,Salem City,293553,157.85,298500,1254,1133,258600
51169,Scott County,173094,150.27,197000,1044,699,143000
51171,Shenandoah County,345496,201.21,373011,1091,984,294900
51173,Smyth County,163396,135.87,202500,914,731,139600
51175,Southampton County,275119,148.4,300000,1051,930,216200
51177,Spotsylvania County,461009,218.28,467500,2246,1779,404900
51179,Stafford County,544161,216.69,547000,2246,2020,485100
51790,Staunton City,292144,205.78,334000,1261,1024,259200
51800,Suffolk City,392055,203.31,404500,1713,1563,347400
51181,Surry County,286782,161.18,275000,1039,983,238800
51183,Sussex County,184629,128.27,165000,1655,907,183800
51185,Tazewell County,144119,109.5,215000,914,795,118300
51810,Virginia Beach City,430158,245.23,425000,1713,1714,382500
51187,Warren County,401011,230.0,425000,1315,1199,348400
51191,Washington County,260753,156.02,296000,1044,854,214000
51820,Waynesboro City,296974,203.98,344230,1261,1020,245500
51193,Westmoreland County,312612,243.77,335000,1194,1018,269600
51830,Williamsburg City,417957,221.68,354500,1713,1407,428100
51840,Winchester City,359117,228.86,357500,1573,1315,343000
51195,Wise County,133876,101.5,215000,914,790,118600
51197,Wythe County,215438,151.41,271000,914,764,171200
51199,York County,470238,220.23,472000,1713,1827,433200
